Designator,Footprint,Quantity,Value,LCSC Part #
AE1,SMA_Amphenol_901-144_Vertical,1,Antenna,
"C1, C3, C7",0805,3,10nF,
C10,0805,1,10uF,
"C2, C4, C6, C8",0805,4,100nF,
C9,0805,1,1nF,
"D1, D3, D6",D_DO-41_SOD81_P10.16mm_Horizontal,3,1N5817,
D2,LED_D5.0mm,1,RED,
D4,LED_D5.0mm,1,BLUE,
D5,LED_D5.0mm,1,YELLOW,
J1,PC104_16bit_Connector,1,~,
"J10, J11",Jack_3.5mm_CUI_SJ1-3525N_Horizontal,2,SC1464-ND,
"J12, J7",PinHeader_1x02_P2.54mm_Vertical,2,SQ,
"J13, J15",PinHeader_1x12_P2.54mm_Vertical,2,Conn_01x12,
J3,USB_C_Receptacle_HRO_TYPE-C-31-M-12,1,USB_C_Receptacle_USB2.0_16P,
J6,PinHeader_2x03_P2.54mm_Vertical,1,Conn_02x03_Odd_Even,
"J8, J9",PinHeader_1x15_P2.54mm_Vertical,2,Conn_01x15,
"R1, R3",1206,2,68,
"R10, R9",0805,2,1K0,
R11,0805,1,1K,
"R12, R6",0805,2,47K,
"R13, R16, R20, R7, R8",0805,5,10K,
R14,0805,1,22K,
R15,0805,1,100K,
R17,0805,1,68K,
"R18, R19",0805,2,5K1,
R2,1206,1,180,
R4,0805,1,4K7,
R5,0805,1,220,
RV1,Potentiometer_Vishay_T73YP_Vertical,1,10K,
"SW1, SW3",SW_PUSH_1P1T_6x3.5mm_H4.3_APEM_MJTP1243,2,SW_Push,
SW2,SW_DIP_SPSTx01_Slide_9.78x4.72mm_W7.62mm_P2.54mm,1,MODE,
TP1,TestPoint_Pad_D1.5mm,1,Audio_Out,
TP2,TestPoint_Pad_D1.5mm,1,Filter_Out,
TP3,TestPoint_Pad_D1.5mm,1,PTT,
TP4,TestPoint_Pad_D1.5mm,1,RX,
TP5,TestPoint_Pad_D1.5mm,1,TX,
TP7,TestPoint_Pad_D1.5mm,1,SQ,
U1,SR105U,1,SR105U,
U2,MODULE_NUCLEO-L432KC,1,~,
U3,DIP-14_W7.62mm,1,MCP604,
U4,SOIC-8_5.3x5.3mm_P1.27mm,1,W25Q128JVS,
