Designator,Mid X,Mid Y,Rotation,Layer
AE1,146.7104,-135.877805,180.0,top
C1,80.7974,-110.3376,270.0,top
C10,84.077105,-122.157247,90.0,top
C2,87.850505,-90.166029,270.0,bottom
C3,75.780621,-122.157247,270.0,top
C4,132.3848,-117.6509,90.0,top
C6,75.9479,-136.8806,0.0,top
C7,70.799632,-122.157247,270.0,top
C8,81.311611,-122.157247,90.0,top
C9,90.2208,-127.1524,90.0,top
D1,90.805,-72.771,0.0,top
D2,99.487,-145.8976,90.0,top
D4,106.9697,-145.8976,90.0,top
D5,114.4524,-145.8976,90.0,top
D6,109.855,-72.771,0.0,top
H1,67.32,-61.44,0.0,top
H2,147.32,-61.4573,0.0,top
H3,143.523,-147.1823,0.0,top
H4,69.85,-147.1823,0.0,top
J1,106.71,-65.31,180.0,top
J10,131.779,-146.1756,0.0,top
J11,81.6864,-145.8596,0.0,top
J12,91.2114,-146.177,180.0,top
J13,132.08,-100.7618,90.0,top
J15,132.08,-77.9272,90.0,top
J7,122.1486,-146.177,180.0,top
J8,92.752705,-76.7334,90.0,top
J9,92.752705,-102.1334,90.0,top
JP2,76.5302,-109.6518,90.0,top
R1,129.96511,-134.415305,90.0,top
R10,98.5745,-141.6558,180.0,top
R11,76.4286,-116.6622,180.0,top
R12,65.268642,-125.636047,270.0,top
R13,68.034137,-122.157247,90.0,top
R14,73.473176,-122.157247,270.0,top
R15,78.546116,-122.157247,270.0,top
R16,86.8426,-122.1486,90.0,top
R17,87.9348,-127.1646,90.0,top
R2,134.8232,-135.877805,0.0,top
R20,132.3848,-113.9952,270.0,top
R3,139.66791,-134.415305,90.0,top
R4,83.3374,-110.3319,90.0,top
R5,113.5399,-141.6558,180.0,top
R6,65.268642,-122.157247,270.0,top
R7,109.6372,-114.0206,180.0,top
R8,128.6256,-124.0028,270.0,top
R9,106.08635,-141.6558,180.0,top
RN1,126.7206,-107.2134,180.0,top
RV1,71.6118,-114.0968,0.0,top
SW1,70.358,-106.68,0.0,top
SW2,140.3687,-122.8727,180.0,top
SW4,125.4506,-114.0234,0.0,top
SW5,141.351,-110.8456,270.0,top
TP1,84.0994,-113.8174,180.0,top
TP2,80.7974,-113.8174,180.0,top
TP3,100.252775,-114.140815,0.0,top
TP7,100.252775,-116.873614,0.0,top
TP8,117.8814,-105.4862,0.0,top
TP9,117.8814,-111.9886,180.0,top
U1,110.8964,-128.4478,180.0,top
U2,92.752705,-89.4334,90.0,top
U3,76.8604,-130.1446,90.0,top
U4,92.117705,-89.404029,0.0,bottom
